DONE?,PRI,CATGORY,PLUGIN,DESCRIPTION
FALSE,,Audio,Change audio speed,Change the speed of audio files
FALSE,,Audio,Extract Audio from Video,Extract audio from video files (MP4  MOV  etc.) to AAC  MP3  or WAV.
FALSE,,Audio,Loop Audio,Create looping audio files
FALSE,,Audio,Merge Audio,Merge multiple audio files into one (MP3  AAC  WAV).
FALSE,,Audio,Trim Audio,Trim audio files to extract specific time segments with sub-second precision (MP3  AAC  WAV).
FALSE,,Convert,Audio Converter,Convert audio files to various formats.
FALSE,,Convert,Convert Images to JPG,Convert images to JPG Format with quality control
FALSE,,Convert,Convert Images to WebP,Convert Images to WebP Format with quality control.
FALSE,,Convert,Video to GIF,Convert video to animated GIF
FALSE,,CSV,Change CSV Separator,Change CSV file delimiter
FALSE,,CSV,Convert CSV Rows to Columns,Convert CSV rows to columns.
TRUE,,CSV,Convert CSV to JSON,Convert CSV data to JSON format.
FALSE,,CSV,Convert CSV to TSV,Convert CSV data to TSV format.
FALSE,,CSV,Convert CSV to XML,Convert CSV data to XML format.
FALSE,,CSV,Convert CSV to YAML,Quickly convert a CSV file to a YAML file.
FALSE,,CSV,Find incomplete CSV records,Quickly find rows and columns in CSV that are missing values.
FALSE,,CSV,Insert CSV columns,Quickly insert one or more new columns anywhere in a CSV file.
FALSE,,CSV,Swap CSV Columns,Reorder CSV columns.
FALSE,,CSV,Transpose CSV,Quickly transpose a CSV file.
FALSE,,CSV,TSV to JSON,Convert TSV to JSON format
FALSE,,GIF,Change GIF Speed,Change GIF animation speed
FALSE,,GIF,Images to GIF,Convert multiple images into an animated GIF
FALSE,,Image,Change colors in image,Quickly swap colors in a image
FALSE,,Image,Change image Opacity,Adjust transparency of images
FALSE,,Image,Compress Images,Compress one or multiple images at once.
FALSE,,Image,Create transparent PNG,Quickly make an image transparent
FALSE,,Image,Crop Image,Crop images quickly.
FALSE,,Image,Image Editor,Edit images with advanced tools and features
FALSE,,Image,Image to Text (OCR),Extract text from images using OCR.
FALSE,,Image,QR Code Generator,Create customized QR codes for various data formats.
FALSE,,Image,Remove Background from Image,Automatically remove backgrounds from images
FALSE,,Image,Resize Image,Resize one or multiple images at once.
FALSE,,Image,Rotate Image,Rotate an image easily.
FALSE,,Image,Split Image into Pages,Split a large image into multiple pages (PDF).
FALSE,,Image,Watermark Images,Add text watermarks to images
TRUE,,JSON,Compare JSON,Find differences between two JSON objects
FALSE,,JSON,Escape JSON,Escape special characters in JSON
FALSE,,JSON,JSON to XML,Convert JSON to XML format
FALSE,,JSON,Minify JSON,Minify JSON by removing whitespace
FALSE,,JSON,Sort JSON,Sort JSON arrays by value or object keys alphabetically
FALSE,,JSON,Stringify JSON,Convert objects to JSON string
FALSE,,JSON,Validate JSON,Validate JSON code for errors
FALSE,,List,Chunk List,Split a list into fixed-size chunks
FALSE,,List,Duplicate,Duplicate list items with specified criteria
FALSE,,List,Find most popular,Find most frequently occurring items
FALSE,,List,Find unique,Find unique items in a list
FALSE,,List,Reverse,Quickly reverse a list
FALSE,,List,Rotate,Rotate list items by specified positions
FALSE,,List,Shuffle,Randomize the order of list items
FALSE,,List,Sort,Sort list items in specified order
FALSE,,List,Truncate,Truncate list to specified number of items
FALSE,,List,Unwrap,Unwrap list items from structured format
FALSE,,List,Wrap,Wrap list items with specified criteria
FALSE,,Number,Area of a Sphere,Calculate the surface area of a sphere based on its radius
FALSE,,Number,Arithmetic Sequence,Generate arithmetic sequences
FALSE,,Number,Byte Converter,Quickly convert values between byte units
FALSE,,Number,Generate,Generate random numbers in specified ranges
FALSE,,Number,Number to Words,Convert numbers to words
FALSE,,Number,Ohm's Law,Calculate voltage  current  or resistance in electrical circuits using Ohm's Law
FALSE,,Number,Random Number Generator,Generate random numbers in custom ranges
FALSE,,Number,Random Port Generator,Generate random network ports
FALSE,,Number,Round trip voltage drop in cable,Calculate voltage drop and power loss in electrical cables based on length  material  and current
FALSE,,Number,Slackline Tension,Calculate the approximate tension of a slackline or clothesline. Do not rely on this for safety.
FALSE,,Number,Sum,Calculate sum of numbers
FALSE,,Number,Volume of a Sphere,Calculate the volume of a sphere using radius or diameter
FALSE,,PDF,Compress PDF,Compress PDF files securely in your browser
FALSE,,PDF,Extract Images from PDF,Extract images from a PDF file.
FALSE,,PDF,Images to PDF,Convert images to PDF with scale and orientation control
FALSE,,PDF,Merge PDF,Merge multiple PDF files into a single document
FALSE,,PDF,PDF Editor,Edit PDFs with advanced annotation  signing and editing tools
FALSE,,PDF,PDF to EPUB,Convert PDF files to EPUB format
FALSE,,PDF,PDF to PNG,Convert PDF into PNG images
FALSE,,PDF,Protect PDF,Password protect PDF files securely
FALSE,,PDF,Rotate PDF,Rotate pages in a PDF document
FALSE,,PDF,Split PDF,Extract specific pages from a PDF file
FALSE,,PNG,Compress png,Quickly compress a PNG
FALSE,,PNG,Convert JPG to PNG,Quickly convert your JPG images to PNG.
TRUE,,Text,Base64 Encoder/Decoder,Encode or decode data using Base64.
TRUE,,Text,Compare Texts,Compare two texts and spot differences instantly
FALSE,,Text,Convert to Uppercase,Convert text to uppercase
FALSE,,Text,Create palindrome,Create text that reads the same forward and backward
FALSE,,Text,Email Extractor,Extract email addresses from text
FALSE,,Text,Extract substring,Extract a portion of text between specified positions
TRUE,,Text,Hidden Character Detector,Find hidden Unicode characters in text
FALSE,,Text,Join Text,Join text elements with a specified separator
FALSE,,Text,Palindrome,Check if text reads the same forward and backward
FALSE,,Text,Randomize case,Randomize the case of letters in text
FALSE,,Text,Remove duplicate lines,Quickly delete all repeated lines from text
FALSE,,Text,Repeat Text,Repeat text multiple times
FALSE,,Text,Reverse,Reverse any text character by character
FALSE,,Text,ROT13 Encoder/Decoder,Encode or decode text using ROT13 cipher.
FALSE,,Text,Rotate Text,Shift characters in text by position.
TRUE,,Text,Slug Generator,Generate URL-friendly slugs from text.
FALSE,,Text,Split,Split text into multiple parts using a separator
FALSE,,Text,String To morse,Quickly encode text to morse
FALSE,,Text,String URL decoder,Quickly URL-unescape a string.
FALSE,,Text,String URL encoder,Quickly URL-escape a string.
FALSE,,Text,Text Censor,Quickly mask bad words or replace them with alternative words.
FALSE,,Text,Text Quoter,Add quotes around text with various styles
FALSE,,Text,Text Replacer,Quickly replace text in your content
FALSE,,Text,Text Statistics,Get statistics about your text
FALSE,,Text,Text Statistics,Get statistics about your text
FALSE,,Text,Truncate Text,Truncate text to a specified length
FALSE,,Text,Unicode Encoder / Decoder,Encode or decode text using Unicode escape sequences.
FALSE,,Text,URL Editor,Inspect and edit URL components and query parameters.
FALSE,,Time,Check Leap Years,Check if a year is a leap year
FALSE,,Time,Convert Days to Hours,Convert days to hours
FALSE,,Time,Convert Hours to Days,Convert hours to days
FALSE,,Time,Convert Seconds to Time,Convert seconds to time format
FALSE,,Time,Convert time to decimal,Convert human time to decimal time
FALSE,,Time,Convert Time to Seconds,Convert time format to seconds
FALSE,,Time,Convert Unix ↔ Date,Convert Unix timestamps and dates in both directions.
FALSE,,Time,Crontab Guru,Parse and explain cron expressions in plain English
FALSE,,Time,Date Weekday Calculator,Find years when a date falls on a weekday
FALSE,,Time,Discord Timestamp Generator,Generate Discord timestamps from dates
FALSE,,Time,Time Between Dates,Calculate time between two dates
FALSE,,Time,Truncate Clock Time,Truncate clock time to specified precision
FALSE,,Video,Add Audio to Video,Add or replace audio track in video
FALSE,,Video,Change Video Speed,Change video playback speed
FALSE,,Video,Compress Video,Compress videos by scaling to different resolutions
FALSE,,Video,Crop Video,Crop video to remove unwanted areas
FALSE,,Video,Flip Video,Flip video horizontally or vertically
FALSE,,Video,Loop Video,Create looping video files
FALSE,,Video,Merge videos,Append and merge videos easily.
FALSE,,Video,Resize Video,Resize videos to different resolutions
FALSE,,Video,Rotate Video,Rotate video by specified degrees
FALSE,,Video,Trim Video,Trim video by removing unwanted sections
FALSE,,XML,XML Validator,Validate XML code for errors
TRUE,,JSON,JSON to CSV,Convert JSON to CSV format
TRUE,,JSON,Prettify JSON,Format and beautify JSON code
FALSE,,Text,Bcrypt,Hash strings with Bcrypt
TRUE,,Text,Password Generator,Generate secure random passwords with custom options
TRUE,,XML,XML Beautifier,Format and beautify XML code
